https://github.com/ffffatgoose/DesignBenchmark/tree/master/color_meaning/imgs/766.jpg 	 summer orange 	 the diadem of ravenclaw 	 sweet candy 	 mint marine
https://github.com/ffffatgoose/DesignBenchmark/tree/master/color_meaning/imgs/52.jpg 	 sugar and cream 	 serbia 	 medical 	 gun
https://github.com/ffffatgoose/DesignBenchmark/tree/master/color_meaning/imgs/697.jpg 	 valentine 	 coagulated blood 	 aquamarine nights 	 old coffee
https://github.com/ffffatgoose/DesignBenchmark/tree/master/color_meaning/imgs/43.jpg 	 aquamarine nights 	 gun 	 beaten to the pulp 	 sweet orange cream
https://github.com/ffffatgoose/DesignBenchmark/tree/master/color_meaning/imgs/882.jpg 	 watermelon 	 wooden path 	 gun 	 autumn high school
https://github.com/ffffatgoose/DesignBenchmark/tree/master/color_meaning/imgs/105.jpg 	 medical 	 when i was young 	 aloe 	 sweet orange cream
https://github.com/ffffatgoose/DesignBenchmark/tree/master/color_meaning/imgs/566.jpg 	 coagulated blood 	 sweet candy 	 frozen peaches 	 dream scape
https://github.com/ffffatgoose/DesignBenchmark/tree/master/color_meaning/imgs/431.jpg 	 rotting wood 	 sweet orange cream 	 macarons 	 summer pop
https://github.com/ffffatgoose/DesignBenchmark/tree/master/color_meaning/imgs/809.jpg 	 sweet candy 	 serbia 	 summer orange 	 gun
https://github.com/ffffatgoose/DesignBenchmark/tree/master/color_meaning/imgs/544.jpg 	 sighing 	 rainforest 	 rose and violet 	 when i was young
https://github.com/ffffatgoose/DesignBenchmark/tree/master/color_meaning/imgs/506.jpg 	 skin tone 	 serbia 	 wooden path 	 gryffindor
https://github.com/ffffatgoose/DesignBenchmark/tree/master/color_meaning/imgs/323.jpg 	 macarons 	 golden greens 	 the great redwoods 	 rotting wood
https://github.com/ffffatgoose/DesignBenchmark/tree/master/color_meaning/imgs/156.jpg 	 spring glow 	 golden greens 	 autumn high school 	 serbia
https://github.com/ffffatgoose/DesignBenchmark/tree/master/color_meaning/imgs/117.jpg 	 orange creamsicle 	 the diadem of ravenclaw 	 fairytale 	 wooden path
https://github.com/ffffatgoose/DesignBenchmark/tree/master/color_meaning/imgs/654.jpg 	 the great redwoods 	 spring glow 	 so cold 	 garden party
https://github.com/ffffatgoose/DesignBenchmark/tree/master/color_meaning/imgs/167.jpg 	 love affair 	 spring glow 	 aquamarine nights 	 moon chases sun
https://github.com/ffffatgoose/DesignBenchmark/tree/master/color_meaning/imgs/346.jpg 	 rosebud 	 love affair 	 falling 	 autumn high school
https://github.com/ffffatgoose/DesignBenchmark/tree/master/color_meaning/imgs/462.jpg 	 golden greens 	 spring glow 	 rose sensations of sky 	 moon chases sun
https://github.com/ffffatgoose/DesignBenchmark/tree/master/color_meaning/imgs/389.jpg 	 old coffee 	 dessert week 	 cave of ice 	 rose sensations of sky
https://github.com/ffffatgoose/DesignBenchmark/tree/master/color_meaning/imgs/440.jpg 	 sweet orange cream 	 aquamarine nights 	 coagulated blood 	 sweet candy
https://github.com/ffffatgoose/DesignBenchmark/tree/master/color_meaning/imgs/218.jpg 	 baby steps 	 wild rose canyon 	 the great redwoods 	 gun
https://github.com/ffffatgoose/DesignBenchmark/tree/master/color_meaning/imgs/878.jpg 	 summer pop 	 gun 	 falling 	 gothic
https://github.com/ffffatgoose/DesignBenchmark/tree/master/color_meaning/imgs/705.jpg 	 falling 	 summer pop 	 early summer 	 baby steps
https://github.com/ffffatgoose/DesignBenchmark/tree/master/color_meaning/imgs/258.jpg 	 beaten to the pulp 	 garden party 	 rose sensations of sky 	 early summer
https://github.com/ffffatgoose/DesignBenchmark/tree/master/color_meaning/imgs/141.jpg 	 mint marine 	 gun 	 summer orange 	 beaten to the pulp
https://github.com/ffffatgoose/DesignBenchmark/tree/master/color_meaning/imgs/297.jpg 	 dream scape 	 gun 	 autumn high school 	 the diadem of ravenclaw
https://github.com/ffffatgoose/DesignBenchmark/tree/master/color_meaning/imgs/667.jpg 	 cave of ice 	 summer orange 	 gothic 	 thai tea
https://github.com/ffffatgoose/DesignBenchmark/tree/master/color_meaning/imgs/173.jpg 	 muddled 	 baby steps 	 frozen peaches 	 summer pop
https://github.com/ffffatgoose/DesignBenchmark/tree/master/color_meaning/imgs/989.jpg 	 city of pastel 	 gryffindor 	 gun 	 beaten to the pulp
https://github.com/ffffatgoose/DesignBenchmark/tree/master/color_meaning/imgs/448.jpg 	 rose sensations of sky 	 amethyst anathema 	 stargazer 	 serbia
https://github.com/ffffatgoose/DesignBenchmark/tree/master/color_meaning/imgs/429.jpg 	 old farm 	 sweet candy 	 white rose 	 after the rain
https://github.com/ffffatgoose/DesignBenchmark/tree/master/color_meaning/imgs/377.jpg 	 moon chases sun 	 aquamarine nights 	 serbia 	 when i was young
https://github.com/ffffatgoose/DesignBenchmark/tree/master/color_meaning/imgs/341.jpg 	 stargazer 	 city of pastel 	 after the rain 	 baby steps
https://github.com/ffffatgoose/DesignBenchmark/tree/master/color_meaning/imgs/277.jpg 	 amethyst anathema 	 moon chases sun 	 sunny 	 baby steps
https://github.com/ffffatgoose/DesignBenchmark/tree/master/color_meaning/imgs/417.jpg 	 aloe 	 aquamarine nights 	 white rose 	 baby steps
https://github.com/ffffatgoose/DesignBenchmark/tree/master/color_meaning/imgs/12.jpg 	 pale peach 	 gun 	 muddled 	 amethyst anathema
https://github.com/ffffatgoose/DesignBenchmark/tree/master/color_meaning/imgs/478.jpg 	 dessert week 	 watermelon 	 autumn high school 	 love affair
https://github.com/ffffatgoose/DesignBenchmark/tree/master/color_meaning/imgs/182.jpg 	 frozen peaches 	 gothic 	 muddled 	 beaten to the pulp
https://github.com/ffffatgoose/DesignBenchmark/tree/master/color_meaning/imgs/397.jpg 	 early summer 	 beaten to the pulp 	 falling 	 golden greens
https://github.com/ffffatgoose/DesignBenchmark/tree/master/color_meaning/imgs/513.jpg 	 gun 	 the diadem of ravenclaw 	 dream scape 	 baby steps
https://github.com/ffffatgoose/DesignBenchmark/tree/master/color_meaning/imgs/125.jpg 	 dried heart 	 romantic autumn 	 muddled 	 gun
https://github.com/ffffatgoose/DesignBenchmark/tree/master/color_meaning/imgs/309.jpg 	 autumn 	 serbia 	 almost morning 	 gun
https://github.com/ffffatgoose/DesignBenchmark/tree/master/color_meaning/imgs/101.jpg 	 rose and violet 	 moon chases sun 	 baby steps 	 almost morning
https://github.com/ffffatgoose/DesignBenchmark/tree/master/color_meaning/imgs/22.jpg 	 almost morning 	 rainforest 	 sunny 	 white rose
https://github.com/ffffatgoose/DesignBenchmark/tree/master/color_meaning/imgs/778.jpg 	 sunny 	 wooden path 	 autumn high school 	 gryffindor
https://github.com/ffffatgoose/DesignBenchmark/tree/master/color_meaning/imgs/557.jpg 	 thai tea 	 city of pastel 	 aquamarine nights 	 dream scape
https://github.com/ffffatgoose/DesignBenchmark/tree/master/color_meaning/imgs/66.jpg 	 roses and gold 	 beaten to the pulp 	 stargazer 	 wild rose canyon
https://github.com/ffffatgoose/DesignBenchmark/tree/master/color_meaning/imgs/444.jpg 	 garden party 	 golden greens 	 coagulated blood 	 gryffindor
https://github.com/ffffatgoose/DesignBenchmark/tree/master/color_meaning/imgs/88.jpg 	 white rose 	 autumn high school 	 stargazer 	 wild rose canyon
https://github.com/ffffatgoose/DesignBenchmark/tree/master/color_meaning/imgs/178.jpg 	 summer 	 autumn high school 	 golden greens 	 wild rose canyon
https://github.com/ffffatgoose/DesignBenchmark/tree/master/color_meaning/imgs/766.jpg 	 the diadem of ravenclaw 	 summer orange 	 sweet candy 	 mint marine
https://github.com/ffffatgoose/DesignBenchmark/tree/master/color_meaning/imgs/52.jpg 	 serbia 	 sugar and cream 	 medical 	 gun
https://github.com/ffffatgoose/DesignBenchmark/tree/master/color_meaning/imgs/697.jpg 	 coagulated blood 	 valentine 	 aquamarine nights 	 old coffee
https://github.com/ffffatgoose/DesignBenchmark/tree/master/color_meaning/imgs/43.jpg 	 gun 	 aquamarine nights 	 beaten to the pulp 	 sweet orange cream
https://github.com/ffffatgoose/DesignBenchmark/tree/master/color_meaning/imgs/882.jpg 	 wooden path 	 watermelon 	 gun 	 autumn high school
https://github.com/ffffatgoose/DesignBenchmark/tree/master/color_meaning/imgs/105.jpg 	 when i was young 	 medical 	 aloe 	 sweet orange cream
https://github.com/ffffatgoose/DesignBenchmark/tree/master/color_meaning/imgs/566.jpg 	 sweet candy 	 coagulated blood 	 frozen peaches 	 dream scape
https://github.com/ffffatgoose/DesignBenchmark/tree/master/color_meaning/imgs/431.jpg 	 sweet orange cream 	 rotting wood 	 macarons 	 summer pop
https://github.com/ffffatgoose/DesignBenchmark/tree/master/color_meaning/imgs/809.jpg 	 serbia 	 sweet candy 	 summer orange 	 gun
https://github.com/ffffatgoose/DesignBenchmark/tree/master/color_meaning/imgs/544.jpg 	 rainforest 	 sighing 	 rose and violet 	 when i was young
https://github.com/ffffatgoose/DesignBenchmark/tree/master/color_meaning/imgs/506.jpg 	 serbia 	 skin tone 	 wooden path 	 gryffindor
https://github.com/ffffatgoose/DesignBenchmark/tree/master/color_meaning/imgs/323.jpg 	 golden greens 	 macarons 	 the great redwoods 	 rotting wood
https://github.com/ffffatgoose/DesignBenchmark/tree/master/color_meaning/imgs/156.jpg 	 golden greens 	 spring glow 	 autumn high school 	 serbia
https://github.com/ffffatgoose/DesignBenchmark/tree/master/color_meaning/imgs/117.jpg 	 the diadem of ravenclaw 	 orange creamsicle 	 fairytale 	 wooden path
https://github.com/ffffatgoose/DesignBenchmark/tree/master/color_meaning/imgs/654.jpg 	 spring glow 	 the great redwoods 	 so cold 	 garden party
https://github.com/ffffatgoose/DesignBenchmark/tree/master/color_meaning/imgs/167.jpg 	 spring glow 	 love affair 	 aquamarine nights 	 moon chases sun
https://github.com/ffffatgoose/DesignBenchmark/tree/master/color_meaning/imgs/346.jpg 	 love affair 	 rosebud 	 falling 	 autumn high school
https://github.com/ffffatgoose/DesignBenchmark/tree/master/color_meaning/imgs/462.jpg 	 spring glow 	 golden greens 	 rose sensations of sky 	 moon chases sun
https://github.com/ffffatgoose/DesignBenchmark/tree/master/color_meaning/imgs/389.jpg 	 dessert week 	 old coffee 	 cave of ice 	 rose sensations of sky
https://github.com/ffffatgoose/DesignBenchmark/tree/master/color_meaning/imgs/440.jpg 	 aquamarine nights 	 sweet orange cream 	 coagulated blood 	 sweet candy
https://github.com/ffffatgoose/DesignBenchmark/tree/master/color_meaning/imgs/218.jpg 	 wild rose canyon 	 baby steps 	 the great redwoods 	 gun
https://github.com/ffffatgoose/DesignBenchmark/tree/master/color_meaning/imgs/878.jpg 	 gun 	 summer pop 	 falling 	 gothic
https://github.com/ffffatgoose/DesignBenchmark/tree/master/color_meaning/imgs/705.jpg 	 summer pop 	 falling 	 early summer 	 baby steps
https://github.com/ffffatgoose/DesignBenchmark/tree/master/color_meaning/imgs/258.jpg 	 garden party 	 beaten to the pulp 	 rose sensations of sky 	 early summer
https://github.com/ffffatgoose/DesignBenchmark/tree/master/color_meaning/imgs/141.jpg 	 gun 	 mint marine 	 summer orange 	 beaten to the pulp
https://github.com/ffffatgoose/DesignBenchmark/tree/master/color_meaning/imgs/297.jpg 	 gun 	 dream scape 	 autumn high school 	 the diadem of ravenclaw
https://github.com/ffffatgoose/DesignBenchmark/tree/master/color_meaning/imgs/667.jpg 	 summer orange 	 cave of ice 	 gothic 	 thai tea
https://github.com/ffffatgoose/DesignBenchmark/tree/master/color_meaning/imgs/173.jpg 	 baby steps 	 muddled 	 frozen peaches 	 summer pop
https://github.com/ffffatgoose/DesignBenchmark/tree/master/color_meaning/imgs/989.jpg 	 gryffindor 	 city of pastel 	 gun 	 beaten to the pulp
https://github.com/ffffatgoose/DesignBenchmark/tree/master/color_meaning/imgs/448.jpg 	 amethyst anathema 	 rose sensations of sky 	 stargazer 	 serbia
https://github.com/ffffatgoose/DesignBenchmark/tree/master/color_meaning/imgs/429.jpg 	 sweet candy 	 old farm 	 white rose 	 after the rain
https://github.com/ffffatgoose/DesignBenchmark/tree/master/color_meaning/imgs/377.jpg 	 aquamarine nights 	 moon chases sun 	 serbia 	 when i was young
https://github.com/ffffatgoose/DesignBenchmark/tree/master/color_meaning/imgs/341.jpg 	 city of pastel 	 stargazer 	 after the rain 	 baby steps
https://github.com/ffffatgoose/DesignBenchmark/tree/master/color_meaning/imgs/277.jpg 	 moon chases sun 	 amethyst anathema 	 sunny 	 baby steps
https://github.com/ffffatgoose/DesignBenchmark/tree/master/color_meaning/imgs/417.jpg 	 aquamarine nights 	 aloe 	 white rose 	 baby steps
https://github.com/ffffatgoose/DesignBenchmark/tree/master/color_meaning/imgs/12.jpg 	 gun 	 pale peach 	 muddled 	 amethyst anathema
https://github.com/ffffatgoose/DesignBenchmark/tree/master/color_meaning/imgs/478.jpg 	 watermelon 	 dessert week 	 autumn high school 	 love affair
https://github.com/ffffatgoose/DesignBenchmark/tree/master/color_meaning/imgs/182.jpg 	 gothic 	 frozen peaches 	 muddled 	 beaten to the pulp
https://github.com/ffffatgoose/DesignBenchmark/tree/master/color_meaning/imgs/397.jpg 	 beaten to the pulp 	 early summer 	 falling 	 golden greens
https://github.com/ffffatgoose/DesignBenchmark/tree/master/color_meaning/imgs/513.jpg 	 the diadem of ravenclaw 	 gun 	 dream scape 	 baby steps
https://github.com/ffffatgoose/DesignBenchmark/tree/master/color_meaning/imgs/125.jpg 	 romantic autumn 	 dried heart 	 muddled 	 gun
https://github.com/ffffatgoose/DesignBenchmark/tree/master/color_meaning/imgs/309.jpg 	 serbia 	 autumn 	 almost morning 	 gun
https://github.com/ffffatgoose/DesignBenchmark/tree/master/color_meaning/imgs/101.jpg 	 moon chases sun 	 rose and violet 	 baby steps 	 almost morning
https://github.com/ffffatgoose/DesignBenchmark/tree/master/color_meaning/imgs/22.jpg 	 rainforest 	 almost morning 	 sunny 	 white rose
https://github.com/ffffatgoose/DesignBenchmark/tree/master/color_meaning/imgs/778.jpg 	 wooden path 	 sunny 	 autumn high school 	 gryffindor
https://github.com/ffffatgoose/DesignBenchmark/tree/master/color_meaning/imgs/557.jpg 	 city of pastel 	 thai tea 	 aquamarine nights 	 dream scape
https://github.com/ffffatgoose/DesignBenchmark/tree/master/color_meaning/imgs/66.jpg 	 beaten to the pulp 	 roses and gold 	 stargazer 	 wild rose canyon
https://github.com/ffffatgoose/DesignBenchmark/tree/master/color_meaning/imgs/444.jpg 	 golden greens 	 garden party 	 coagulated blood 	 gryffindor
https://github.com/ffffatgoose/DesignBenchmark/tree/master/color_meaning/imgs/88.jpg 	 autumn high school 	 white rose 	 stargazer 	 wild rose canyon
https://github.com/ffffatgoose/DesignBenchmark/tree/master/color_meaning/imgs/178.jpg 	 autumn high school 	 summer 	 golden greens 	 wild rose canyon
https://github.com/ffffatgoose/DesignBenchmark/tree/master/color_meaning/imgs/766.jpg 	 the diadem of ravenclaw 	 sweet candy 	 summer orange 	 mint marine
https://github.com/ffffatgoose/DesignBenchmark/tree/master/color_meaning/imgs/52.jpg 	 serbia 	 medical 	 sugar and cream 	 gun
https://github.com/ffffatgoose/DesignBenchmark/tree/master/color_meaning/imgs/697.jpg 	 coagulated blood 	 aquamarine nights 	 valentine 	 old coffee
https://github.com/ffffatgoose/DesignBenchmark/tree/master/color_meaning/imgs/43.jpg 	 gun 	 beaten to the pulp 	 aquamarine nights 	 sweet orange cream
https://github.com/ffffatgoose/DesignBenchmark/tree/master/color_meaning/imgs/882.jpg 	 wooden path 	 gun 	 watermelon 	 autumn high school
https://github.com/ffffatgoose/DesignBenchmark/tree/master/color_meaning/imgs/105.jpg 	 when i was young 	 aloe 	 medical 	 sweet orange cream
https://github.com/ffffatgoose/DesignBenchmark/tree/master/color_meaning/imgs/566.jpg 	 sweet candy 	 frozen peaches 	 coagulated blood 	 dream scape
https://github.com/ffffatgoose/DesignBenchmark/tree/master/color_meaning/imgs/431.jpg 	 sweet orange cream 	 macarons 	 rotting wood 	 summer pop
https://github.com/ffffatgoose/DesignBenchmark/tree/master/color_meaning/imgs/809.jpg 	 serbia 	 summer orange 	 sweet candy 	 gun
https://github.com/ffffatgoose/DesignBenchmark/tree/master/color_meaning/imgs/544.jpg 	 rainforest 	 rose and violet 	 sighing 	 when i was young
https://github.com/ffffatgoose/DesignBenchmark/tree/master/color_meaning/imgs/506.jpg 	 serbia 	 wooden path 	 skin tone 	 gryffindor
https://github.com/ffffatgoose/DesignBenchmark/tree/master/color_meaning/imgs/323.jpg 	 golden greens 	 the great redwoods 	 macarons 	 rotting wood
https://github.com/ffffatgoose/DesignBenchmark/tree/master/color_meaning/imgs/156.jpg 	 golden greens 	 autumn high school 	 spring glow 	 serbia
https://github.com/ffffatgoose/DesignBenchmark/tree/master/color_meaning/imgs/117.jpg 	 the diadem of ravenclaw 	 fairytale 	 orange creamsicle 	 wooden path
https://github.com/ffffatgoose/DesignBenchmark/tree/master/color_meaning/imgs/654.jpg 	 spring glow 	 so cold 	 the great redwoods 	 garden party
https://github.com/ffffatgoose/DesignBenchmark/tree/master/color_meaning/imgs/167.jpg 	 spring glow 	 aquamarine nights 	 love affair 	 moon chases sun
https://github.com/ffffatgoose/DesignBenchmark/tree/master/color_meaning/imgs/346.jpg 	 love affair 	 falling 	 rosebud 	 autumn high school
https://github.com/ffffatgoose/DesignBenchmark/tree/master/color_meaning/imgs/462.jpg 	 spring glow 	 rose sensations of sky 	 golden greens 	 moon chases sun
https://github.com/ffffatgoose/DesignBenchmark/tree/master/color_meaning/imgs/389.jpg 	 dessert week 	 cave of ice 	 old coffee 	 rose sensations of sky
https://github.com/ffffatgoose/DesignBenchmark/tree/master/color_meaning/imgs/440.jpg 	 aquamarine nights 	 coagulated blood 	 sweet orange cream 	 sweet candy
https://github.com/ffffatgoose/DesignBenchmark/tree/master/color_meaning/imgs/218.jpg 	 wild rose canyon 	 the great redwoods 	 baby steps 	 gun
https://github.com/ffffatgoose/DesignBenchmark/tree/master/color_meaning/imgs/878.jpg 	 gun 	 falling 	 summer pop 	 gothic
https://github.com/ffffatgoose/DesignBenchmark/tree/master/color_meaning/imgs/705.jpg 	 summer pop 	 early summer 	 falling 	 baby steps
https://github.com/ffffatgoose/DesignBenchmark/tree/master/color_meaning/imgs/258.jpg 	 garden party 	 rose sensations of sky 	 beaten to the pulp 	 early summer
https://github.com/ffffatgoose/DesignBenchmark/tree/master/color_meaning/imgs/141.jpg 	 gun 	 summer orange 	 mint marine 	 beaten to the pulp
https://github.com/ffffatgoose/DesignBenchmark/tree/master/color_meaning/imgs/297.jpg 	 gun 	 autumn high school 	 dream scape 	 the diadem of ravenclaw
https://github.com/ffffatgoose/DesignBenchmark/tree/master/color_meaning/imgs/667.jpg 	 summer orange 	 gothic 	 cave of ice 	 thai tea
https://github.com/ffffatgoose/DesignBenchmark/tree/master/color_meaning/imgs/173.jpg 	 baby steps 	 frozen peaches 	 muddled 	 summer pop
https://github.com/ffffatgoose/DesignBenchmark/tree/master/color_meaning/imgs/989.jpg 	 gryffindor 	 gun 	 city of pastel 	 beaten to the pulp
https://github.com/ffffatgoose/DesignBenchmark/tree/master/color_meaning/imgs/448.jpg 	 amethyst anathema 	 stargazer 	 rose sensations of sky 	 serbia
https://github.com/ffffatgoose/DesignBenchmark/tree/master/color_meaning/imgs/429.jpg 	 sweet candy 	 white rose 	 old farm 	 after the rain
https://github.com/ffffatgoose/DesignBenchmark/tree/master/color_meaning/imgs/377.jpg 	 aquamarine nights 	 serbia 	 moon chases sun 	 when i was young
https://github.com/ffffatgoose/DesignBenchmark/tree/master/color_meaning/imgs/341.jpg 	 city of pastel 	 after the rain 	 stargazer 	 baby steps
https://github.com/ffffatgoose/DesignBenchmark/tree/master/color_meaning/imgs/277.jpg 	 moon chases sun 	 sunny 	 amethyst anathema 	 baby steps
https://github.com/ffffatgoose/DesignBenchmark/tree/master/color_meaning/imgs/417.jpg 	 aquamarine nights 	 white rose 	 aloe 	 baby steps
https://github.com/ffffatgoose/DesignBenchmark/tree/master/color_meaning/imgs/12.jpg 	 gun 	 muddled 	 pale peach 	 amethyst anathema
https://github.com/ffffatgoose/DesignBenchmark/tree/master/color_meaning/imgs/478.jpg 	 watermelon 	 autumn high school 	 dessert week 	 love affair
https://github.com/ffffatgoose/DesignBenchmark/tree/master/color_meaning/imgs/182.jpg 	 gothic 	 muddled 	 frozen peaches 	 beaten to the pulp
https://github.com/ffffatgoose/DesignBenchmark/tree/master/color_meaning/imgs/397.jpg 	 beaten to the pulp 	 falling 	 early summer 	 golden greens
https://github.com/ffffatgoose/DesignBenchmark/tree/master/color_meaning/imgs/513.jpg 	 the diadem of ravenclaw 	 dream scape 	 gun 	 baby steps
https://github.com/ffffatgoose/DesignBenchmark/tree/master/color_meaning/imgs/125.jpg 	 romantic autumn 	 muddled 	 dried heart 	 gun
https://github.com/ffffatgoose/DesignBenchmark/tree/master/color_meaning/imgs/309.jpg 	 serbia 	 almost morning 	 autumn 	 gun
https://github.com/ffffatgoose/DesignBenchmark/tree/master/color_meaning/imgs/101.jpg 	 moon chases sun 	 baby steps 	 rose and violet 	 almost morning
https://github.com/ffffatgoose/DesignBenchmark/tree/master/color_meaning/imgs/22.jpg 	 rainforest 	 sunny 	 almost morning 	 white rose
https://github.com/ffffatgoose/DesignBenchmark/tree/master/color_meaning/imgs/778.jpg 	 wooden path 	 autumn high school 	 sunny 	 gryffindor
https://github.com/ffffatgoose/DesignBenchmark/tree/master/color_meaning/imgs/557.jpg 	 city of pastel 	 aquamarine nights 	 thai tea 	 dream scape
https://github.com/ffffatgoose/DesignBenchmark/tree/master/color_meaning/imgs/66.jpg 	 beaten to the pulp 	 stargazer 	 roses and gold 	 wild rose canyon
https://github.com/ffffatgoose/DesignBenchmark/tree/master/color_meaning/imgs/444.jpg 	 golden greens 	 coagulated blood 	 garden party 	 gryffindor
https://github.com/ffffatgoose/DesignBenchmark/tree/master/color_meaning/imgs/88.jpg 	 autumn high school 	 stargazer 	 white rose 	 wild rose canyon
https://github.com/ffffatgoose/DesignBenchmark/tree/master/color_meaning/imgs/178.jpg 	 autumn high school 	 golden greens 	 summer 	 wild rose canyon
https://github.com/ffffatgoose/DesignBenchmark/tree/master/color_meaning/imgs/766.jpg 	 the diadem of ravenclaw 	 sweet candy 	 mint marine 	 summer orange
https://github.com/ffffatgoose/DesignBenchmark/tree/master/color_meaning/imgs/52.jpg 	 serbia 	 medical 	 gun 	 sugar and cream
https://github.com/ffffatgoose/DesignBenchmark/tree/master/color_meaning/imgs/697.jpg 	 coagulated blood 	 aquamarine nights 	 old coffee 	 valentine
https://github.com/ffffatgoose/DesignBenchmark/tree/master/color_meaning/imgs/43.jpg 	 gun 	 beaten to the pulp 	 sweet orange cream 	 aquamarine nights
https://github.com/ffffatgoose/DesignBenchmark/tree/master/color_meaning/imgs/882.jpg 	 wooden path 	 gun 	 autumn high school 	 watermelon
https://github.com/ffffatgoose/DesignBenchmark/tree/master/color_meaning/imgs/105.jpg 	 when i was young 	 aloe 	 sweet orange cream 	 medical
https://github.com/ffffatgoose/DesignBenchmark/tree/master/color_meaning/imgs/566.jpg 	 sweet candy 	 frozen peaches 	 dream scape 	 coagulated blood
https://github.com/ffffatgoose/DesignBenchmark/tree/master/color_meaning/imgs/431.jpg 	 sweet orange cream 	 macarons 	 summer pop 	 rotting wood
https://github.com/ffffatgoose/DesignBenchmark/tree/master/color_meaning/imgs/809.jpg 	 serbia 	 summer orange 	 gun 	 sweet candy
https://github.com/ffffatgoose/DesignBenchmark/tree/master/color_meaning/imgs/544.jpg 	 rainforest 	 rose and violet 	 when i was young 	 sighing
https://github.com/ffffatgoose/DesignBenchmark/tree/master/color_meaning/imgs/506.jpg 	 serbia 	 wooden path 	 gryffindor 	 skin tone
https://github.com/ffffatgoose/DesignBenchmark/tree/master/color_meaning/imgs/323.jpg 	 golden greens 	 the great redwoods 	 rotting wood 	 macarons
https://github.com/ffffatgoose/DesignBenchmark/tree/master/color_meaning/imgs/156.jpg 	 golden greens 	 autumn high school 	 serbia 	 spring glow
https://github.com/ffffatgoose/DesignBenchmark/tree/master/color_meaning/imgs/117.jpg 	 the diadem of ravenclaw 	 fairytale 	 wooden path 	 orange creamsicle
https://github.com/ffffatgoose/DesignBenchmark/tree/master/color_meaning/imgs/654.jpg 	 spring glow 	 so cold 	 garden party 	 the great redwoods
https://github.com/ffffatgoose/DesignBenchmark/tree/master/color_meaning/imgs/167.jpg 	 spring glow 	 aquamarine nights 	 moon chases sun 	 love affair
https://github.com/ffffatgoose/DesignBenchmark/tree/master/color_meaning/imgs/346.jpg 	 love affair 	 falling 	 autumn high school 	 rosebud
https://github.com/ffffatgoose/DesignBenchmark/tree/master/color_meaning/imgs/462.jpg 	 spring glow 	 rose sensations of sky 	 moon chases sun 	 golden greens
https://github.com/ffffatgoose/DesignBenchmark/tree/master/color_meaning/imgs/389.jpg 	 dessert week 	 cave of ice 	 rose sensations of sky 	 old coffee
https://github.com/ffffatgoose/DesignBenchmark/tree/master/color_meaning/imgs/440.jpg 	 aquamarine nights 	 coagulated blood 	 sweet candy 	 sweet orange cream
https://github.com/ffffatgoose/DesignBenchmark/tree/master/color_meaning/imgs/218.jpg 	 wild rose canyon 	 the great redwoods 	 gun 	 baby steps
https://github.com/ffffatgoose/DesignBenchmark/tree/master/color_meaning/imgs/878.jpg 	 gun 	 falling 	 gothic 	 summer pop
https://github.com/ffffatgoose/DesignBenchmark/tree/master/color_meaning/imgs/705.jpg 	 summer pop 	 early summer 	 baby steps 	 falling
https://github.com/ffffatgoose/DesignBenchmark/tree/master/color_meaning/imgs/258.jpg 	 garden party 	 rose sensations of sky 	 early summer 	 beaten to the pulp
https://github.com/ffffatgoose/DesignBenchmark/tree/master/color_meaning/imgs/141.jpg 	 gun 	 summer orange 	 beaten to the pulp 	 mint marine
https://github.com/ffffatgoose/DesignBenchmark/tree/master/color_meaning/imgs/297.jpg 	 gun 	 autumn high school 	 the diadem of ravenclaw 	 dream scape
https://github.com/ffffatgoose/DesignBenchmark/tree/master/color_meaning/imgs/667.jpg 	 summer orange 	 gothic 	 thai tea 	 cave of ice
https://github.com/ffffatgoose/DesignBenchmark/tree/master/color_meaning/imgs/173.jpg 	 baby steps 	 frozen peaches 	 summer pop 	 muddled
https://github.com/ffffatgoose/DesignBenchmark/tree/master/color_meaning/imgs/989.jpg 	 gryffindor 	 gun 	 beaten to the pulp 	 city of pastel
https://github.com/ffffatgoose/DesignBenchmark/tree/master/color_meaning/imgs/448.jpg 	 amethyst anathema 	 stargazer 	 serbia 	 rose sensations of sky
https://github.com/ffffatgoose/DesignBenchmark/tree/master/color_meaning/imgs/429.jpg 	 sweet candy 	 white rose 	 after the rain 	 old farm
https://github.com/ffffatgoose/DesignBenchmark/tree/master/color_meaning/imgs/377.jpg 	 aquamarine nights 	 serbia 	 when i was young 	 moon chases sun
https://github.com/ffffatgoose/DesignBenchmark/tree/master/color_meaning/imgs/341.jpg 	 city of pastel 	 after the rain 	 baby steps 	 stargazer
https://github.com/ffffatgoose/DesignBenchmark/tree/master/color_meaning/imgs/277.jpg 	 moon chases sun 	 sunny 	 baby steps 	 amethyst anathema
https://github.com/ffffatgoose/DesignBenchmark/tree/master/color_meaning/imgs/417.jpg 	 aquamarine nights 	 white rose 	 baby steps 	 aloe
https://github.com/ffffatgoose/DesignBenchmark/tree/master/color_meaning/imgs/12.jpg 	 gun 	 muddled 	 amethyst anathema 	 pale peach
https://github.com/ffffatgoose/DesignBenchmark/tree/master/color_meaning/imgs/478.jpg 	 watermelon 	 autumn high school 	 love affair 	 dessert week
https://github.com/ffffatgoose/DesignBenchmark/tree/master/color_meaning/imgs/182.jpg 	 gothic 	 muddled 	 beaten to the pulp 	 frozen peaches
https://github.com/ffffatgoose/DesignBenchmark/tree/master/color_meaning/imgs/397.jpg 	 beaten to the pulp 	 falling 	 golden greens 	 early summer
https://github.com/ffffatgoose/DesignBenchmark/tree/master/color_meaning/imgs/513.jpg 	 the diadem of ravenclaw 	 dream scape 	 baby steps 	 gun
https://github.com/ffffatgoose/DesignBenchmark/tree/master/color_meaning/imgs/125.jpg 	 romantic autumn 	 muddled 	 gun 	 dried heart
https://github.com/ffffatgoose/DesignBenchmark/tree/master/color_meaning/imgs/309.jpg 	 serbia 	 almost morning 	 gun 	 autumn
https://github.com/ffffatgoose/DesignBenchmark/tree/master/color_meaning/imgs/101.jpg 	 moon chases sun 	 baby steps 	 almost morning 	 rose and violet
https://github.com/ffffatgoose/DesignBenchmark/tree/master/color_meaning/imgs/22.jpg 	 rainforest 	 sunny 	 white rose 	 almost morning
https://github.com/ffffatgoose/DesignBenchmark/tree/master/color_meaning/imgs/778.jpg 	 wooden path 	 autumn high school 	 gryffindor 	 sunny
https://github.com/ffffatgoose/DesignBenchmark/tree/master/color_meaning/imgs/557.jpg 	 city of pastel 	 aquamarine nights 	 dream scape 	 thai tea
https://github.com/ffffatgoose/DesignBenchmark/tree/master/color_meaning/imgs/66.jpg 	 beaten to the pulp 	 stargazer 	 wild rose canyon 	 roses and gold
https://github.com/ffffatgoose/DesignBenchmark/tree/master/color_meaning/imgs/444.jpg 	 golden greens 	 coagulated blood 	 gryffindor 	 garden party
https://github.com/ffffatgoose/DesignBenchmark/tree/master/color_meaning/imgs/88.jpg 	 autumn high school 	 stargazer 	 wild rose canyon 	 white rose
https://github.com/ffffatgoose/DesignBenchmark/tree/master/color_meaning/imgs/178.jpg 	 autumn high school 	 golden greens 	 wild rose canyon 	 summer